type,latitude,longitude,course,name,desc
T,40.518390000,-105.080270000,,"South Transit Center, Fort Collins, CO 80525 - 8th & Coffman Park-n-Ride - Gate A, Longmont, CO","25.6 mi, 0:40"
T,40.518390000,-105.080220000,90.0,,
T,40.518390000,-105.079860000,90.0,,
T,40.518390000,-105.079770000,90.0,,
T,40.518380000,-105.079730000,108.2,,
T,40.518360000,-105.079690000,123.3,,
T,40.518340000,-105.079680000,159.2,,
T,40.518310000,-105.079660000,153.1,,
T,40.518270000,-105.079650000,169.2,,
T,40.518160000,-105.079660000,184.0,,
T,40.517510000,-105.079680000,181.3,,
T,40.517510000,-105.079680000,181.3,,
T,40.517510000,-105.077760000,90.0,,
T,40.517510000,-105.077250000,90.0,,
T,40.517510000,-105.077250000,90.0,,
T,40.516300000,-105.077280000,181.1,,
T,40.515700000,-105.077290000,180.7,,
T,40.515420000,-105.077290000,180.0,,
T,40.515030000,-105.077300000,181.1,,
T,40.514680000,-105.077310000,181.2,,
T,40.514580000,-105.077310000,180.0,,
T,40.513770000,-105.077330000,181.1,,
T,40.513610000,-105.077330000,180.0,,
T,40.513490000,-105.077270000,159.2,,
T,40.513010000,-105.077280000,180.9,,
T,40.512740000,-105.077290000,181.6,,
T,40.512600000,-105.077300000,183.1,,
T,40.512590000,-105.077300000,180.0,,
T,40.512450000,-105.077310000,183.1,,
T,40.509370000,-105.077380000,181.0,,
T,40.508750000,-105.077380000,180.0,,
T,40.508630000,-105.077390000,183.6,,
T,40.506790000,-105.077430000,180.9,,
T,40.506520000,-105.077440000,181.6,,
T,40.506330000,-105.077450000,182.3,,
T,40.506100000,-105.077450000,180.0,,
T,40.505360000,-105.077440000,179.4,,
T,40.505190000,-105.077510000,197.4,,
T,40.504960000,-105.077510000,180.0,,
T,40.504690000,-105.077510000,180.0,,
T,40.504460000,-105.077500000,178.1,,
T,40.502650000,-105.077490000,179.8,,
T,40.502540000,-105.077490000,180.0,,
T,40.502050000,-105.077490000,180.0,,
T,40.501300000,-105.077510000,181.2,,
T,40.501130000,-105.077430000,160.3,,
T,40.500480000,-105.077420000,179.3,,
T,40.499730000,-105.077410000,179.4,,
T,40.498940000,-105.077420000,180.6,,
T,40.497500000,-105.077400000,179.4,,
T,40.496480000,-105.077400000,180.0,,
T,40.495780000,-105.077400000,180.0,,
T,40.495550000,-105.077460000,191.2,,
T,40.495330000,-105.077460000,180.0,,
T,40.494820000,-105.077450000,179.1,,
T,40.494120000,-105.077460000,180.6,,
T,40.493800000,-105.077460000,180.0,,
T,40.493560000,-105.077400000,169.2,,
T,40.491870000,-105.077360000,179.0,,
T,40.491790000,-105.077360000,180.0,,
T,40.491640000,-105.077360000,180.0,,
T,40.491120000,-105.077370000,180.8,,
T,40.489630000,-105.077390000,180.6,,
T,40.489360000,-105.077390000,180.0,,
T,40.487420000,-105.077400000,180.2,,
T,40.487120000,-105.077400000,180.0,,
T,40.486940000,-105.077450000,191.9,,
T,40.485170000,-105.077460000,180.2,,
T,40.484990000,-105.077460000,180.0,,
T,40.484970000,-105.077460000,180.0,,
T,40.484810000,-105.077470000,182.7,,
T,40.484590000,-105.077470000,180.0,,
T,40.484190000,-105.077470000,180.0,,
T,40.484090000,-105.077430000,163.1,,
T,40.484070000,-105.077430000,180.0,,
T,40.484030000,-105.077380000,136.4,,
T,40.481910000,-105.077400000,180.4,,
T,40.481620000,-105.077470000,190.4,,
T,40.481020000,-105.077470000,180.0,,
T,40.480210000,-105.077480000,180.5,,
T,40.480130000,-105.077480000,180.0,,
T,40.478640000,-105.077480000,180.0,,
T,40.477690000,-105.077480000,180.0,,
T,40.477590000,-105.077420000,155.5,,
T,40.476990000,-105.077420000,180.0,,
T,40.476270000,-105.077420000,180.0,,
T,40.475930000,-105.077420000,180.0,,
T,40.475390000,-105.077430000,180.8,,
T,40.475270000,-105.077500000,203.9,,
T,40.474960000,-105.077500000,180.0,,
T,40.474610000,-105.077490000,178.8,,
T,40.474560000,-105.077490000,180.0,,
T,40.472810000,-105.077500000,180.2,,
T,40.472770000,-105.077500000,180.0,,
T,40.472690000,-105.077420000,142.7,,
T,40.471220000,-105.077440000,180.6,,
T,40.469120000,-105.077430000,179.8,,
T,40.468060000,-105.077440000,180.4,,
T,40.467550000,-105.077450000,180.9,,
T,40.466930000,-105.077450000,180.0,,
T,40.466530000,-105.077450000,180.0,,
T,40.466000000,-105.077450000,180.0,,
T,40.465650000,-105.077450000,180.0,,
T,40.465580000,-105.077450000,180.0,,
T,40.464830000,-105.077440000,179.4,,
T,40.463350000,-105.077430000,179.7,,
T,40.462860000,-105.077430000,180.0,,
T,40.460620000,-105.077420000,179.8,,
T,40.460260000,-105.077420000,180.0,,
T,40.458920000,-105.077420000,180.0,,
T,40.458690000,-105.077420000,180.0,,
T,40.458560000,-105.077480000,199.3,,
T,40.458460000,-105.077490000,184.4,,
T,40.458040000,-105.077500000,181.0,,
T,40.457640000,-105.077490000,178.9,,
T,40.457420000,-105.077490000,180.0,,
T,40.456570000,-105.077500000,180.5,,
T,40.456050000,-105.077490000,179.2,,
T,40.455460000,-105.077470000,178.5,,
T,40.454890000,-105.077470000,180.0,,
T,40.454570000,-105.077470000,180.0,,
T,40.453830000,-105.077470000,180.0,,
T,40.453690000,-105.077470000,180.0,,
T,40.453360000,-105.077480000,181.3,,
T,40.452290000,-105.077470000,179.6,,
T,40.451110000,-105.077470000,180.0,,
T,40.451010000,-105.077470000,180.0,,
T,40.450020000,-105.077460000,179.6,,
T,40.449610000,-105.077460000,180.0,,
T,40.449330000,-105.077380000,167.7,,
T,40.448040000,-105.077370000,179.7,,
T,40.447750000,-105.077380000,181.5,,
T,40.447340000,-105.077380000,180.0,,
T,40.447240000,-105.077380000,180.0,,
T,40.446960000,-105.077380000,180.0,,
T,40.446900000,-105.077420000,206.9,,
T,40.446880000,-105.077430000,200.8,,
T,40.446850000,-105.077440000,194.2,,
T,40.446830000,-105.077450000,200.8,,
T,40.446780000,-105.077450000,180.0,,
T,40.446370000,-105.077450000,180.0,,
T,40.445880000,-105.077450000,180.0,,
T,40.445120000,-105.077450000,180.0,,
T,40.444800000,-105.077450000,180.0,,
T,40.443890000,-105.077450000,180.0,,
T,40.442970000,-105.077450000,180.0,,
T,40.442720000,-105.077450000,180.0,,
T,40.442330000,-105.077450000,180.0,,
T,40.442290000,-105.077450000,180.0,,
T,40.442240000,-105.077450000,180.0,,
T,40.442210000,-105.077440000,165.8,,
T,40.442170000,-105.077420000,159.2,,
T,40.442090000,-105.077380000,159.2,,
T,40.441550000,-105.077380000,180.0,,
T,40.440770000,-105.077390000,180.6,,
T,40.440250000,-105.077390000,180.0,,
T,40.439750000,-105.077390000,180.0,,
T,40.439230000,-105.077380000,179.2,,
T,40.439200000,-105.077430000,231.8,,
T,40.439180000,-105.077440000,200.8,,
T,40.439170000,-105.077450000,217.3,,
T,40.439160000,-105.077450000,180.0,,
T,40.439140000,-105.077450000,180.0,,
T,40.438980000,-105.077460000,182.7,,
T,40.438270000,-105.077470000,180.6,,
T,40.437780000,-105.077460000,179.1,,
T,40.437440000,-105.077450000,178.7,,
T,40.437390000,-105.077450000,180.0,,
T,40.437370000,-105.077450000,180.0,,
T,40.437350000,-105.077440000,159.2,,
T,40.437320000,-105.077430000,165.8,,
T,40.437300000,-105.077420000,159.2,,
T,40.437230000,-105.077380000,156.5,,
T,40.436850000,-105.077380000,180.0,,
T,40.436520000,-105.077380000,180.0,,
T,40.435980000,-105.077390000,180.8,,
T,40.435650000,-105.077380000,178.7,,
T,40.435430000,-105.077400000,184.0,,
T,40.435100000,-105.077410000,181.3,,
T,40.434840000,-105.077410000,180.0,,
T,40.434470000,-105.077410000,180.0,,
T,40.434050000,-105.077420000,181.0,,
T,40.433540000,-105.077430000,180.9,,
T,40.432790000,-105.077440000,180.6,,
T,40.431990000,-105.077450000,180.5,,
T,40.431930000,-105.077500000,212.4,,
T,40.431910000,-105.077510000,200.8,,
T,40.431900000,-105.077510000,180.0,,
T,40.431880000,-105.077520000,200.8,,
T,40.431850000,-105.077520000,180.0,,
T,40.431500000,-105.077530000,181.2,,
T,40.430470000,-105.077540000,180.4,,
T,40.430200000,-105.077550000,181.6,,
T,40.429780000,-105.077560000,181.0,,
T,40.429080000,-105.077570000,180.6,,
T,40.428670000,-105.077570000,180.0,,
T,40.428510000,-105.077570000,180.0,,
T,40.428480000,-105.077570000,180.0,,
T,40.428450000,-105.077570000,180.0,,
T,40.428430000,-105.077560000,159.2,,
T,40.428400000,-105.077550000,165.8,,
T,40.428330000,-105.077510000,156.5,,
T,40.428160000,-105.077510000,180.0,,
T,40.426700000,-105.077530000,180.6,,
T,40.426490000,-105.077530000,180.0,,
T,40.426080000,-105.077540000,181.1,,
T,40.426020000,-105.077590000,212.4,,
T,40.426010000,-105.077600000,217.3,,
T,40.426000000,-105.077610000,217.3,,
T,40.425980000,-105.077610000,180.0,,
T,40.425960000,-105.077610000,180.0,,
T,40.425590000,-105.077620000,181.2,,
T,40.425330000,-105.077620000,180.0,,
T,40.424750000,-105.077620000,180.0,,
T,40.424380000,-105.077620000,180.0,,
T,40.424240000,-105.077610000,176.9,,
T,40.424150000,-105.077600000,175.2,,
T,40.424040000,-105.077590000,176.0,,
T,40.423960000,-105.077580000,174.6,,
T,40.423820000,-105.077550000,170.7,,
T,40.423710000,-105.077530000,172.1,,
T,40.423600000,-105.077500000,168.3,,
T,40.423590000,-105.077500000,180.0,,
T,40.423470000,-105.077460000,165.8,,
T,40.423350000,-105.077420000,165.8,,
T,40.423200000,-105.077360000,163.1,,
T,40.423040000,-105.077290000,161.6,,
T,40.422930000,-105.077230000,157.4,,
T,40.422810000,-105.077160000,156.1,,
T,40.422720000,-105.077100000,153.1,,
T,40.422610000,-105.077040000,157.4,,
T,40.422530000,-105.076980000,150.3,,
T,40.422410000,-105.076880000,147.6,,
T,40.422270000,-105.076770000,149.1,,
T,40.422150000,-105.076670000,147.6,,
T,40.422020000,-105.076550000,144.9,,
T,40.421900000,-105.076420000,140.5,,
T,40.421680000,-105.076180000,140.3,,
T,40.421370000,-105.075840000,140.1,,
T,40.421350000,-105.075830000,159.2,,
T,40.421160000,-105.075610000,138.6,,
T,40.421090000,-105.075530000,139.0,,
T,40.420550000,-105.074920000,139.3,,
T,40.420400000,-105.074750000,139.2,,
T,40.420080000,-105.074400000,140.2,,
T,40.419920000,-105.074220000,139.4,,
T,40.419830000,-105.074130000,142.7,,
T,40.419740000,-105.074050000,145.9,,
T,40.419570000,-105.073900000,146.1,,
T,40.419520000,-105.073860000,148.7,,
T,40.419410000,-105.073770000,148.1,,
T,40.419340000,-105.073720000,151.5,,
T,40.419260000,-105.073670000,154.6,,
T,40.419160000,-105.073600000,151.9,,
T,40.419010000,-105.073510000,155.4,,
T,40.418950000,-105.073390000,123.3,,
T,40.418710000,-105.073290000,162.4,,
T,40.418600000,-105.073240000,160.9,,
T,40.418500000,-105.073200000,163.1,,
T,40.418390000,-105.073170000,168.3,,
T,40.418290000,-105.073140000,167.1,,
T,40.418200000,-105.073120000,170.4,,
T,40.418070000,-105.073090000,170.0,,
T,40.417950000,-105.073070000,172.8,,
T,40.417840000,-105.073050000,172.1,,
T,40.417720000,-105.073030000,172.8,,
T,40.417610000,-105.073030000,180.0,,
T,40.417550000,-105.073020000,172.8,,
T,40.417450000,-105.073020000,180.0,,
T,40.417210000,-105.073020000,180.0,,
T,40.417140000,-105.073020000,180.0,,
T,40.416780000,-105.073020000,180.0,,
T,40.416430000,-105.073030000,181.2,,
T,40.415870000,-105.073030000,180.0,,
T,40.415660000,-105.073030000,180.0,,
T,40.415430000,-105.073030000,180.0,,
T,40.415280000,-105.073030000,180.0,,
T,40.414960000,-105.073030000,180.0,,
T,40.414350000,-105.073040000,180.7,,
T,40.413800000,-105.073050000,180.8,,
T,40.413730000,-105.073050000,180.0,,
T,40.413250000,-105.073060000,180.9,,
T,40.412860000,-105.073070000,181.1,,
T,40.412800000,-105.073140000,221.6,,
T,40.412440000,-105.073130000,178.8,,
T,40.411970000,-105.073140000,180.9,,
T,40.411460000,-105.073140000,180.0,,
T,40.411390000,-105.073150000,186.2,,
T,40.411350000,-105.073150000,180.0,,
T,40.411310000,-105.073160000,190.8,,
T,40.411270000,-105.073170000,190.8,,
T,40.411210000,-105.073200000,200.8,,
T,40.411170000,-105.073220000,200.8,,
T,40.411140000,-105.073240000,206.9,,
T,40.411110000,-105.073270000,217.3,,
T,40.411090000,-105.073300000,228.8,,
T,40.411060000,-105.073330000,217.3,,
T,40.411040000,-105.073360000,228.8,,
T,40.411020000,-105.073390000,228.8,,
T,40.411000000,-105.073420000,228.8,,
T,40.410980000,-105.073450000,228.8,,
T,40.410960000,-105.073500000,242.3,,
T,40.410930000,-105.073650000,255.3,,
T,40.410900000,-105.073770000,251.8,,
T,40.410880000,-105.073860000,253.7,,
T,40.410860000,-105.073940000,251.8,,
T,40.410830000,-105.074010000,240.6,,
T,40.410790000,-105.074070000,228.8,,
T,40.410750000,-105.074130000,228.8,,
T,40.410700000,-105.074200000,226.8,,
T,40.410640000,-105.074250000,212.4,,
T,40.410580000,-105.074290000,206.9,,
T,40.410530000,-105.074320000,204.6,,
T,40.410480000,-105.074340000,196.9,,
T,40.410430000,-105.074350000,188.7,,
T,40.410390000,-105.074360000,190.8,,
T,40.410330000,-105.074360000,180.0,,
T,40.410120000,-105.074360000,180.0,,
T,40.410100000,-105.074360000,180.0,,
T,40.409200000,-105.074390000,181.5,,
T,40.408210000,-105.074390000,180.0,,
T,40.407520000,-105.074390000,180.0,,
T,40.407340000,-105.074400000,182.4,,
T,40.407220000,-105.074400000,180.0,,
T,40.406660000,-105.074410000,180.8,,
T,40.405970000,-105.074420000,180.6,,
T,40.404700000,-105.074440000,180.7,,
T,40.403710000,-105.074450000,180.4,,
T,40.402690000,-105.074460000,180.4,,
T,40.402630000,-105.074460000,180.0,,
T,40.402310000,-105.074460000,180.0,,
T,40.401690000,-105.074460000,180.0,,
T,40.401140000,-105.074470000,180.8,,
T,40.399610000,-105.074490000,180.6,,
T,40.398590000,-105.074500000,180.4,,
T,40.398330000,-105.074500000,180.0,,
T,40.398100000,-105.074500000,180.0,,
T,40.397550000,-105.074510000,180.8,,
T,40.396500000,-105.074520000,180.4,,
T,40.395460000,-105.074530000,180.4,,
T,40.394420000,-105.074550000,180.8,,
T,40.393990000,-105.074550000,180.0,,
T,40.393400000,-105.074550000,180.0,,
T,40.393130000,-105.074560000,181.6,,
T,40.392740000,-105.074560000,180.0,,
T,40.391750000,-105.074560000,180.0,,
T,40.390790000,-105.074580000,180.9,,
T,40.390240000,-105.074580000,180.0,,
T,40.389120000,-105.074610000,181.2,,
T,40.388530000,-105.074630000,181.5,,
T,40.388430000,-105.074630000,180.0,,
T,40.388350000,-105.074630000,180.0,,
T,40.388310000,-105.074630000,180.0,,
T,40.388260000,-105.074630000,180.0,,
T,40.388200000,-105.074620000,172.8,,
T,40.388170000,-105.074610000,165.8,,
T,40.388140000,-105.074600000,165.8,,
T,40.388110000,-105.074590000,165.8,,
T,40.388070000,-105.074570000,159.2,,
T,40.388010000,-105.074540000,159.2,,
T,40.387950000,-105.074500000,153.1,,
T,40.387890000,-105.074460000,153.1,,
T,40.387850000,-105.074430000,150.3,,
T,40.387800000,-105.074380000,142.7,,
T,40.387760000,-105.074340000,142.7,,
T,40.387700000,-105.074270000,138.4,,
T,40.387630000,-105.074180000,135.6,,
T,40.387440000,-105.073920000,133.8,,
T,40.387310000,-105.073750000,135.1,,
T,40.387250000,-105.073680000,138.4,,
T,40.387200000,-105.073640000,148.6,,
T,40.387150000,-105.073600000,148.6,,
T,40.387100000,-105.073560000,148.6,,
T,40.387040000,-105.073530000,159.2,,
T,40.386970000,-105.073500000,161.9,,
T,40.386930000,-105.073480000,159.2,,
T,40.386870000,-105.073460000,165.8,,
T,40.386820000,-105.073450000,171.3,,
T,40.386770000,-105.073440000,171.3,,
T,40.386720000,-105.073440000,180.0,,
T,40.386700000,-105.073430000,159.2,,
T,40.386680000,-105.073430000,180.0,,
T,40.386670000,-105.073420000,142.7,,
T,40.386660000,-105.073410000,142.7,,
T,40.386640000,-105.073400000,159.2,,
T,40.386600000,-105.073360000,142.7,,
T,40.385970000,-105.073370000,180.7,,
T,40.385570000,-105.073370000,180.0,,
T,40.385180000,-105.073370000,180.0,,
T,40.384280000,-105.073380000,180.5,,
T,40.384020000,-105.073380000,180.0,,
T,40.383810000,-105.073380000,180.0,,
T,40.383610000,-105.073390000,182.2,,
T,40.383540000,-105.073390000,180.0,,
T,40.383060000,-105.073400000,180.9,,
T,40.382820000,-105.073400000,180.0,,
T,40.382630000,-105.073390000,177.7,,
T,40.382180000,-105.073380000,179.0,,
T,40.381850000,-105.073360000,177.4,,
T,40.381370000,-105.073330000,177.3,,
T,40.380850000,-105.073300000,177.5,,
T,40.380810000,-105.073300000,180.0,,
T,40.380630000,-105.073290000,177.6,,
T,40.380390000,-105.073280000,178.2,,
T,40.379730000,-105.073270000,179.3,,
T,40.379390000,-105.073270000,180.0,,
T,40.378880000,-105.073270000,180.0,,
T,40.378840000,-105.073270000,180.0,,
T,40.378710000,-105.073270000,180.0,,
T,40.378370000,-105.073270000,180.0,,
T,40.378230000,-105.073270000,180.0,,
T,40.377840000,-105.073270000,180.0,,
T,40.377380000,-105.073270000,180.0,,
T,40.377010000,-105.073260000,178.8,,
T,40.376850000,-105.073260000,180.0,,
T,40.376640000,-105.073240000,175.8,,
T,40.376450000,-105.073230000,177.7,,
T,40.376300000,-105.073220000,177.1,,
T,40.376110000,-105.073210000,177.7,,
T,40.375900000,-105.073190000,175.8,,
T,40.375710000,-105.073160000,173.1,,
T,40.375520000,-105.073140000,175.4,,
T,40.375290000,-105.073100000,172.5,,
T,40.375020000,-105.073060000,173.6,,
T,40.374520000,-105.072980000,173.1,,
T,40.374450000,-105.073010000,198.1,,
T,40.374430000,-105.073020000,200.9,,
T,40.374410000,-105.073030000,200.9,,
T,40.374390000,-105.073030000,180.0,,
T,40.374340000,-105.073030000,180.0,,
T,40.374290000,-105.073020000,171.3,,
T,40.373770000,-105.072930000,172.5,,
T,40.372680000,-105.072740000,172.4,,
T,40.372040000,-105.072660000,174.6,,
T,40.371710000,-105.072630000,176.0,,
T,40.371400000,-105.072610000,177.2,,
T,40.371180000,-105.072610000,180.0,,
T,40.371030000,-105.072600000,177.1,,
T,40.371010000,-105.072600000,180.0,,
T,40.370990000,-105.072600000,180.0,,
T,40.370980000,-105.072590000,142.7,,
T,40.370960000,-105.072580000,159.1,,
T,40.370930000,-105.072570000,165.8,,
T,40.370850000,-105.072520000,154.5,,
T,40.370710000,-105.072520000,180.0,,
T,40.370540000,-105.072530000,182.6,,
T,40.370340000,-105.072540000,182.2,,
T,40.370110000,-105.072560000,183.8,,
T,40.369930000,-105.072580000,184.8,,
T,40.369790000,-105.072600000,186.2,,
T,40.369600000,-105.072620000,184.6,,
T,40.369430000,-105.072640000,185.1,,
T,40.369280000,-105.072670000,188.7,,
T,40.369080000,-105.072700000,186.5,,
T,40.368880000,-105.072740000,188.7,,
T,40.368810000,-105.072750000,186.2,,
T,40.367530000,-105.072970000,187.5,,
T,40.367090000,-105.073050000,187.9,,
T,40.366730000,-105.073080000,183.6,,
T,40.366300000,-105.073120000,184.1,,
T,40.364870000,-105.073230000,183.4,,
T,40.364390000,-105.073270000,183.6,,
T,40.363900000,-105.073310000,183.6,,
T,40.362960000,-105.073380000,183.2,,
T,40.360450000,-105.073580000,183.5,,
T,40.359020000,-105.073700000,183.7,,
T,40.358660000,-105.073730000,183.6,,
T,40.358230000,-105.073760000,183.0,,
T,40.357990000,-105.073770000,181.8,,
T,40.357780000,-105.073790000,184.2,,
T,40.357490000,-105.073810000,183.0,,
T,40.357170000,-105.073850000,185.4,,
T,40.357150000,-105.073850000,180.0,,
T,40.356860000,-105.073870000,183.0,,
T,40.356650000,-105.073890000,184.2,,
T,40.356330000,-105.073910000,182.7,,
T,40.355350000,-105.073970000,182.7,,
T,40.354850000,-105.073990000,181.7,,
T,40.354300000,-105.074020000,182.4,,
T,40.353610000,-105.074040000,181.3,,
T,40.352740000,-105.074040000,180.0,,
T,40.352150000,-105.074050000,180.7,,
T,40.351090000,-105.074040000,179.6,,
T,40.350100000,-105.074040000,180.0,,
T,40.349380000,-105.074040000,180.0,,
T,40.348100000,-105.074040000,180.0,,
T,40.347680000,-105.074040000,180.0,,
T,40.347510000,-105.074040000,180.0,,
T,40.346870000,-105.074050000,180.7,,
T,40.345210000,-105.074050000,180.0,,
T,40.345140000,-105.074050000,180.0,,
T,40.344530000,-105.074050000,180.0,,
T,40.344360000,-105.074050000,180.0,,
T,40.343400000,-105.074050000,180.0,,
T,40.343080000,-105.074050000,180.0,,
T,40.342770000,-105.074050000,180.0,,
T,40.342010000,-105.074030000,178.9,,
T,40.341800000,-105.074030000,180.0,,
T,40.341340000,-105.074030000,180.0,,
T,40.340710000,-105.074040000,180.7,,
T,40.340600000,-105.074120000,209.0,,
T,40.340390000,-105.074120000,180.0,,
T,40.340160000,-105.074120000,180.0,,
T,40.339610000,-105.074130000,180.8,,
T,40.339270000,-105.074170000,185.1,,
T,40.339210000,-105.074180000,187.2,,
T,40.339140000,-105.074190000,186.2,,
T,40.339070000,-105.074200000,186.2,,
T,40.339020000,-105.074210000,188.7,,
T,40.338930000,-105.074230000,189.6,,
T,40.338850000,-105.074260000,196.0,,
T,40.338780000,-105.074280000,192.3,,
T,40.338630000,-105.074330000,194.3,,
T,40.338540000,-105.074360000,194.3,,
T,40.338400000,-105.074420000,198.1,,
T,40.338310000,-105.074470000,203.0,,
T,40.338200000,-105.074530000,202.6,,
T,40.338100000,-105.074580000,200.9,,
T,40.338000000,-105.074640000,204.6,,
T,40.337930000,-105.074690000,208.6,,
T,40.337880000,-105.074720000,204.6,,
T,40.337830000,-105.074750000,204.6,,
T,40.337510000,-105.075010000,211.8,,
T,40.337440000,-105.075080000,217.3,,
T,40.337380000,-105.075140000,217.3,,
T,40.337250000,-105.075270000,217.3,,
T,40.337130000,-105.075400000,219.5,,
T,40.337010000,-105.075540000,221.6,,
T,40.336890000,-105.075710000,227.2,,
T,40.336790000,-105.075840000,224.7,,
T,40.336680000,-105.076030000,232.8,,
T,40.336580000,-105.076180000,228.8,,
T,40.336460000,-105.076420000,236.7,,
T,40.336400000,-105.076550000,238.8,,
T,40.336350000,-105.076670000,241.3,,
T,40.336240000,-105.076930000,241.0,,
T,40.336170000,-105.077140000,246.4,,
T,40.336110000,-105.077310000,245.2,,
T,40.336030000,-105.077580000,248.8,,
T,40.335940000,-105.077980000,253.6,,
T,40.335910000,-105.078180000,258.9,,
T,40.335890000,-105.078350000,261.2,,
T,40.335870000,-105.078530000,261.7,,
T,40.335840000,-105.078840000,262.8,,
T,40.335840000,-105.079120000,270.0,,
T,40.335830000,-105.079400000,267.3,,
T,40.335830000,-105.079620000,270.0,,
T,40.335830000,-105.080040000,270.0,,
T,40.335830000,-105.080460000,270.0,,
T,40.335850000,-105.083550000,270.5,,
T,40.335900000,-105.087370000,271.0,,
T,40.335920000,-105.089230000,270.8,,
T,40.335930000,-105.090410000,270.6,,
T,40.335930000,-105.092800000,270.0,,
T,40.335930000,-105.093280000,270.0,,
T,40.335930000,-105.093380000,270.0,,
T,40.335930000,-105.093730000,270.0,,
T,40.335920000,-105.094790000,269.3,,
T,40.335910000,-105.095050000,267.1,,
T,40.335890000,-105.095270000,263.2,,
T,40.335880000,-105.095430000,265.3,,
T,40.335860000,-105.095630000,262.5,,
T,40.335830000,-105.095770000,254.3,,
T,40.335810000,-105.095940000,261.2,,
T,40.335790000,-105.096040000,255.3,,
T,40.335770000,-105.096140000,255.3,,
T,40.335740000,-105.096320000,257.7,,
T,40.335710000,-105.096420000,248.5,,
T,40.335690000,-105.096520000,255.3,,
T,40.335630000,-105.096740000,250.3,,
T,40.335520000,-105.097120000,249.2,,
T,40.335460000,-105.097280000,243.8,,
T,40.335380000,-105.097500000,244.5,,
T,40.335350000,-105.097590000,246.4,,
T,40.335300000,-105.097690000,236.7,,
T,40.335240000,-105.097820000,238.8,,
T,40.335180000,-105.097940000,236.7,,
T,40.335150000,-105.098010000,240.7,,
T,40.335110000,-105.098080000,233.1,,
T,40.335050000,-105.098210000,238.8,,
T,40.334920000,-105.098430000,232.2,,
T,40.334700000,-105.098730000,226.1,,
T,40.334610000,-105.098850000,225.5,,
T,40.334550000,-105.098950000,231.8,,
T,40.334460000,-105.099050000,220.3,,
T,40.334380000,-105.099150000,223.6,,
T,40.334300000,-105.099240000,220.6,,
T,40.334210000,-105.099350000,223.0,,
T,40.334130000,-105.099430000,217.3,,
T,40.334050000,-105.099520000,220.6,,
T,40.334010000,-105.099560000,217.3,,
T,40.333960000,-105.099610000,217.3,,
T,40.333910000,-105.099650000,211.4,,
T,40.333860000,-105.099700000,217.3,,
T,40.333740000,-105.099800000,212.4,,
T,40.333580000,-105.099930000,211.8,,
T,40.333490000,-105.100000000,210.7,,
T,40.333380000,-105.100080000,209.0,,
T,40.333310000,-105.100130000,208.6,,
T,40.333200000,-105.100190000,202.6,,
T,40.333100000,-105.100260000,208.1,,
T,40.333000000,-105.100310000,200.9,,
T,40.332870000,-105.100380000,202.3,,
T,40.332790000,-105.100420000,200.9,,
T,40.332690000,-105.100470000,200.9,,
T,40.332490000,-105.100550000,197.0,,
T,40.332370000,-105.100590000,194.3,,
T,40.332220000,-105.100640000,194.3,,
T,40.332100000,-105.100680000,194.3,,
T,40.331960000,-105.100710000,189.3,,
T,40.331830000,-105.100750000,193.2,,
T,40.331460000,-105.100830000,189.4,,
T,40.330920000,-105.100940000,188.8,,
T,40.330600000,-105.101000000,188.1,,
T,40.329520000,-105.101200000,188.0,,
T,40.329300000,-105.101240000,187.9,,
T,40.328980000,-105.101310000,189.5,,
T,40.328660000,-105.101370000,188.1,,
T,40.328330000,-105.101430000,187.9,,
T,40.328110000,-105.101470000,187.9,,
T,40.327790000,-105.101530000,188.1,,
T,40.327570000,-105.101570000,187.9,,
T,40.327350000,-105.101620000,189.8,,
T,40.326930000,-105.101700000,188.3,,
T,40.326380000,-105.101810000,188.7,,
T,40.324980000,-105.102070000,188.1,,
T,40.324760000,-105.102110000,187.9,,
T,40.324540000,-105.102150000,187.9,,
T,40.324230000,-105.102220000,189.8,,
T,40.324010000,-105.102270000,189.8,,
T,40.323790000,-105.102320000,189.8,,
T,40.323700000,-105.102340000,189.6,,
T,40.323580000,-105.102370000,190.8,,
T,40.323460000,-105.102410000,194.3,,
T,40.323350000,-105.102440000,191.7,,
T,40.323250000,-105.102470000,192.9,,
T,40.323040000,-105.102530000,192.3,,
T,40.322930000,-105.102560000,191.7,,
T,40.322750000,-105.102620000,194.3,,
T,40.322610000,-105.102670000,195.2,,
T,40.322510000,-105.102710000,197.0,,
T,40.322410000,-105.102740000,192.9,,
T,40.322300000,-105.102780000,195.5,,
T,40.322090000,-105.102860000,196.2,,
T,40.321800000,-105.102980000,197.5,,
T,40.321570000,-105.103070000,196.6,,
T,40.321370000,-105.103160000,198.9,,
T,40.321040000,-105.103290000,196.7,,
T,40.320210000,-105.103640000,197.8,,
T,40.319840000,-105.103780000,196.1,,
T,40.319380000,-105.103970000,197.5,,
T,40.318950000,-105.104150000,197.7,,
T,40.318700000,-105.104250000,197.0,,
T,40.318440000,-105.104360000,197.9,,
T,40.318120000,-105.104490000,197.2,,
T,40.317920000,-105.104570000,197.0,,
T,40.317710000,-105.104650000,196.2,,
T,40.317110000,-105.104860000,194.9,,
T,40.316860000,-105.104940000,193.7,,
T,40.316440000,-105.105070000,193.3,,
T,40.316310000,-105.105110000,193.2,,
T,40.316120000,-105.105170000,193.5,,
T,40.315800000,-105.105250000,190.8,,
T,40.315480000,-105.105330000,190.8,,
T,40.315180000,-105.105400000,190.1,,
T,40.314850000,-105.105460000,187.9,,
T,40.314290000,-105.105560000,187.8,,
T,40.314110000,-105.105590000,187.2,,
T,40.313910000,-105.105620000,186.5,,
T,40.313630000,-105.105650000,184.7,,
T,40.313290000,-105.105700000,186.4,,
T,40.312350000,-105.105800000,184.6,,
T,40.310340000,-105.106020000,184.8,,
T,40.309800000,-105.106090000,185.6,,
T,40.309130000,-105.106150000,183.9,,
T,40.308950000,-105.106170000,184.8,,
T,40.308850000,-105.106170000,180.0,,
T,40.308630000,-105.106190000,184.0,,
T,40.307730000,-105.106230000,181.9,,
T,40.307460000,-105.106250000,183.2,,
T,40.307200000,-105.106260000,181.7,,
T,40.306360000,-105.106270000,180.5,,
T,40.305450000,-105.106270000,180.0,,
T,40.305200000,-105.106260000,178.3,,
T,40.305090000,-105.106270000,184.0,,
T,40.304880000,-105.106260000,177.9,,
T,40.304660000,-105.106240000,176.0,,
T,40.304180000,-105.106200000,176.4,,
T,40.303980000,-105.106160000,171.3,,
T,40.303700000,-105.106110000,172.2,,
T,40.303430000,-105.106040000,168.8,,
T,40.303270000,-105.106000000,169.2,,
T,40.303120000,-105.105960000,168.5,,
T,40.302940000,-105.105910000,168.0,,
T,40.302600000,-105.105780000,163.7,,
T,40.302340000,-105.105670000,162.1,,
T,40.302080000,-105.105570000,163.7,,
T,40.301650000,-105.105350000,158.7,,
T,40.301290000,-105.105120000,154.0,,
T,40.300980000,-105.104930000,154.9,,
T,40.300590000,-105.104690000,154.9,,
T,40.300200000,-105.104460000,155.8,,
T,40.299660000,-105.104120000,154.3,,
T,40.299390000,-105.103960000,155.7,,
T,40.299010000,-105.103750000,157.1,,
T,40.298820000,-105.103650000,158.1,,
T,40.298710000,-105.103590000,157.4,,
T,40.298620000,-105.103540000,157.0,,
T,40.298310000,-105.103400000,161.0,,
T,40.298080000,-105.103300000,161.7,,
T,40.297840000,-105.103200000,162.4,,
T,40.297740000,-105.103170000,167.1,,
T,40.297670000,-105.103140000,161.9,,
T,40.297590000,-105.103110000,164.0,,
T,40.297450000,-105.103060000,164.8,,
T,40.297040000,-105.102920000,165.4,,
T,40.296920000,-105.102890000,169.2,,
T,40.296600000,-105.102810000,169.2,,
T,40.296260000,-105.102740000,171.1,,
T,40.296070000,-105.102710000,173.1,,
T,40.295960000,-105.102700000,176.0,,
T,40.295830000,-105.102670000,170.0,,
T,40.295730000,-105.102660000,175.6,,
T,40.295590000,-105.102650000,176.9,,
T,40.295410000,-105.102630000,175.2,,
T,40.294970000,-105.102610000,178.0,,
T,40.294420000,-105.102610000,180.0,,
T,40.292190000,-105.102610000,180.0,,
T,40.290180000,-105.102610000,180.0,,
T,40.290010000,-105.102600000,177.4,,
T,40.289900000,-105.102530000,154.1,,
T,40.288110000,-105.102530000,180.0,,
T,40.287340000,-105.102520000,179.4,,
T,40.286350000,-105.102520000,180.0,,
T,40.285410000,-105.102520000,180.0,,
T,40.283350000,-105.102520000,180.0,,
T,40.283320000,-105.102520000,180.0,,
T,40.283060000,-105.102520000,180.0,,
T,40.282250000,-105.102520000,180.0,,
T,40.281600000,-105.102520000,180.0,,
T,40.279690000,-105.102520000,180.0,,
T,40.277770000,-105.102520000,180.0,,
T,40.276600000,-105.102520000,180.0,,
T,40.276300000,-105.102510000,178.5,,
T,40.276020000,-105.102510000,180.0,,
T,40.275730000,-105.102510000,180.0,,
T,40.275450000,-105.102510000,180.0,,
T,40.274420000,-105.102500000,179.6,,
T,40.273070000,-105.102500000,180.0,,
T,40.272690000,-105.102500000,180.0,,
T,40.271490000,-105.102500000,180.0,,
T,40.270960000,-105.102500000,180.0,,
T,40.269210000,-105.102490000,179.8,,
T,40.269160000,-105.102490000,180.0,,
T,40.269090000,-105.102490000,180.0,,
T,40.268690000,-105.102490000,180.0,,
T,40.268340000,-105.102490000,180.0,,
T,40.267810000,-105.102500000,180.8,,
T,40.267300000,-105.102490000,179.1,,
T,40.266940000,-105.102490000,180.0,,
T,40.264490000,-105.102480000,179.8,,
T,40.262790000,-105.102470000,179.7,,
T,40.262300000,-105.102480000,180.9,,
T,40.262000000,-105.102470000,178.5,,
T,40.261390000,-105.102460000,179.3,,
T,40.260800000,-105.102470000,180.7,,
T,40.260440000,-105.102470000,180.0,,
T,40.259370000,-105.102480000,180.4,,
T,40.259210000,-105.102480000,180.0,,
T,40.258850000,-105.102490000,181.2,,
T,40.258620000,-105.102500000,181.9,,
T,40.258330000,-105.102520000,183.0,,
T,40.258100000,-105.102530000,181.9,,
T,40.257760000,-105.102560000,183.9,,
T,40.257240000,-105.102610000,184.2,,
T,40.256300000,-105.102710000,184.6,,
T,40.255810000,-105.102760000,184.5,,
T,40.255640000,-105.102770000,182.6,,
T,40.255500000,-105.102780000,183.1,,
T,40.255410000,-105.102790000,184.8,,
T,40.255290000,-105.102800000,183.6,,
T,40.255020000,-105.102820000,183.2,,
T,40.254780000,-105.102830000,181.8,,
T,40.254470000,-105.102840000,181.4,,
T,40.254320000,-105.102850000,182.9,,
T,40.254000000,-105.102850000,180.0,,
T,40.252940000,-105.102860000,180.4,,
T,40.251200000,-105.102850000,179.7,,
T,40.250860000,-105.102850000,180.0,,
T,40.248600000,-105.102830000,179.6,,
T,40.248000000,-105.102830000,180.0,,
T,40.247350000,-105.102820000,179.3,,
T,40.246830000,-105.102830000,180.8,,
T,40.246320000,-105.102820000,179.1,,
T,40.245170000,-105.102820000,180.0,,
T,40.243600000,-105.102810000,179.7,,
T,40.242950000,-105.102810000,180.0,,
T,40.242480000,-105.102800000,179.1,,
T,40.241980000,-105.102800000,180.0,,
T,40.241270000,-105.102790000,179.4,,
T,40.240930000,-105.102780000,178.7,,
T,40.240490000,-105.102760000,178.0,,
T,40.240180000,-105.102750000,178.6,,
T,40.239570000,-105.102700000,176.4,,
T,40.238680000,-105.102610000,175.6,,
T,40.238340000,-105.102580000,176.1,,
T,40.237770000,-105.102520000,175.4,,
T,40.237210000,-105.102470000,176.1,,
T,40.236930000,-105.102450000,176.9,,
T,40.236580000,-105.102420000,176.3,,
T,40.236120000,-105.102400000,178.1,,
T,40.235840000,-105.102390000,178.4,,
T,40.235550000,-105.102380000,178.5,,
T,40.235070000,-105.102380000,180.0,,
T,40.234560000,-105.102380000,180.0,,
T,40.234270000,-105.102380000,180.0,,
T,40.233770000,-105.102380000,180.0,,
T,40.233080000,-105.102380000,180.0,,
T,40.232230000,-105.102380000,180.0,,
T,40.230240000,-105.102390000,180.2,,
T,40.228380000,-105.102390000,180.0,,
T,40.225920000,-105.102390000,180.0,,
T,40.221660000,-105.102400000,180.1,,
T,40.219450000,-105.102410000,180.2,,
T,40.218180000,-105.102410000,180.0,,
T,40.217680000,-105.102410000,180.0,,
T,40.217180000,-105.102410000,180.0,,
T,40.215950000,-105.102400000,179.6,,
T,40.213690000,-105.102390000,179.8,,
T,40.212350000,-105.102380000,179.7,,
T,40.211560000,-105.102380000,180.0,,
T,40.211060000,-105.102380000,180.0,,
T,40.210120000,-105.102400000,180.9,,
T,40.209460000,-105.102420000,181.3,,
T,40.209090000,-105.102440000,182.4,,
T,40.208390000,-105.102470000,181.9,,
T,40.208100000,-105.102480000,181.5,,
T,40.207900000,-105.102490000,182.2,,
T,40.207130000,-105.102520000,181.7,,
T,40.206350000,-105.102550000,181.7,,
T,40.205870000,-105.102540000,179.1,,
T,40.205730000,-105.102610000,200.9,,
T,40.205020000,-105.102610000,180.0,,
T,40.204460000,-105.102610000,180.0,,
T,40.203990000,-105.102610000,180.0,,
T,40.203690000,-105.102600000,178.5,,
T,40.203370000,-105.102590000,178.6,,
T,40.203240000,-105.102590000,180.0,,
T,40.202900000,-105.102600000,181.3,,
T,40.201120000,-105.102570000,179.3,,
T,40.201050000,-105.102570000,180.0,,
T,40.200630000,-105.102560000,179.0,,
T,40.200530000,-105.102480000,148.6,,
T,40.200270000,-105.102480000,180.0,,
T,40.200050000,-105.102480000,180.0,,
T,40.199920000,-105.102480000,180.0,,
T,40.199530000,-105.102480000,180.0,,
T,40.199040000,-105.102470000,179.1,,
T,40.198670000,-105.102460000,178.8,,
T,40.198180000,-105.102450000,179.1,,
T,40.198090000,-105.102440000,175.1,,
T,40.197960000,-105.102440000,180.0,,
T,40.197810000,-105.102430000,177.1,,
T,40.197440000,-105.102430000,180.0,,
T,40.196980000,-105.102410000,178.1,,
T,40.196860000,-105.102410000,180.0,,
T,40.196610000,-105.102420000,181.8,,
T,40.196600000,-105.102420000,180.0,,
T,40.196490000,-105.102410000,176.0,,
T,40.196310000,-105.102410000,180.0,,
T,40.196120000,-105.102420000,182.3,,
T,40.195870000,-105.102420000,180.0,,
T,40.195820000,-105.102420000,180.0,,
T,40.195810000,-105.102420000,180.0,,
T,40.195590000,-105.102420000,180.0,,
T,40.195490000,-105.102420000,180.0,,
T,40.195320000,-105.102410000,177.4,,
T,40.194990000,-105.102410000,180.0,,
T,40.194850000,-105.102400000,176.9,,
T,40.194720000,-105.102400000,180.0,,
T,40.194390000,-105.102390000,178.7,,
T,40.194200000,-105.102380000,177.7,,
T,40.193850000,-105.102370000,178.8,,
T,40.193580000,-105.102360000,178.4,,
T,40.193470000,-105.102360000,180.0,,
T,40.192900000,-105.102350000,179.2,,
T,40.192610000,-105.102340000,178.5,,
T,40.192480000,-105.102340000,180.0,,
T,40.192380000,-105.102340000,180.0,,
T,40.192190000,-105.102340000,180.0,,
T,40.191780000,-105.102340000,180.0,,
T,40.191450000,-105.102340000,180.0,,
T,40.191230000,-105.102340000,180.0,,
T,40.191090000,-105.102340000,180.0,,
T,40.190790000,-105.102340000,180.0,,
T,40.190650000,-105.102340000,180.0,,
T,40.190450000,-105.102330000,177.8,,
T,40.189980000,-105.102330000,180.0,,
T,40.189740000,-105.102320000,178.2,,
T,40.189270000,-105.102320000,180.0,,
T,40.189060000,-105.102320000,180.0,,
T,40.188990000,-105.102320000,180.0,,
T,40.188560000,-105.102310000,179.0,,
T,40.188130000,-105.102300000,179.0,,
T,40.187650000,-105.102310000,180.9,,
T,40.186620000,-105.102330000,180.8,,
T,40.185600000,-105.102340000,180.4,,
T,40.185280000,-105.102340000,180.0,,
T,40.184900000,-105.102350000,181.2,,
T,40.184530000,-105.102360000,181.2,,
T,40.181930000,-105.102390000,180.5,,
T,40.181770000,-105.102400000,182.7,,
T,40.181640000,-105.102400000,180.0,,
T,40.181420000,-105.102400000,180.0,,
T,40.181270000,-105.102400000,180.0,,
T,40.181050000,-105.102410000,182.0,,
T,40.180750000,-105.102410000,180.0,,
T,40.180590000,-105.102410000,180.0,,
T,40.180210000,-105.102420000,181.2,,
T,40.179450000,-105.102430000,180.6,,
T,40.178120000,-105.102450000,180.7,,
T,40.177630000,-105.102450000,180.0,,
T,40.177260000,-105.102460000,181.2,,
T,40.176200000,-105.102460000,180.0,,
T,40.176040000,-105.102470000,182.7,,
T,40.175800000,-105.102470000,180.0,,
T,40.175540000,-105.102470000,180.0,,
T,40.174590000,-105.102480000,180.5,,
T,40.174310000,-105.102490000,181.6,,
T,40.173930000,-105.102500000,181.2,,
T,40.173510000,-105.102500000,180.0,,
T,40.172670000,-105.102500000,180.0,,
T,40.172320000,-105.102510000,181.3,,
T,40.172320000,-105.102510000,181.3,,
T,40.172320000,-105.103840000,270.0,,
T,40.172320000,-105.103840000,270.0,,
T,40.171800000,-105.103830000,179.2,,
T,40.171260000,-105.103830000,180.0,,
